---
layout: nil
---
<?xml version="1.0" encoding="utf-8"?>
<feed xmlns="http://www.w3.org/2005/Atom">
 
 <title>Neha Narula</title>
 <link href="http://narula.github.io/atom.xml" rel="self"/>
 <link href="http://narula.github.io/"/>
 <updated>{{ site.time | date_to_xmlschema }}</updated>
 <id>http://narula.github.io/</id>
 <author>
   <name>Neha Narula</name>
   <email>narula@gmail.com</email>
 </author>

 {% for post in site.posts %}
 <entry>
   <title>{{ post.title }}</title>
   <link href="http://narula.github.io{{ post.url }}"/>
   <updated>{{ post.date | date_to_xmlschema }}</updated>
   <id>http://narula.github.io{{ post.id }}</id>
   <content type="html">{{ post.content | xml_escape }}</content>
 </entry>
 {% endfor %}
 
</feed>
